datetime,temperature,feels_like,dew_point,humidity,wind_speed,precipitation_cm
2025/01/14 18:30,6.6,4.5067587,2.7,76.16096,2.9024127,0.0
2025/01/15 00:30,7.25,5.1200895,1.65,67.59181,1.8792552,0.0
2025/01/15 06:30,17.6,15.833454,4.9,43.092243,3.6179552,0.0
2025/01/15 12:30,11.75,11.397698,9.05,83.521484,0.71999997,0.0
2025/01/15 18:30,9.15,8.158,7.5,89.41669,2.36753,0.0
2025/01/16 00:30,9.2,7.8102436,8.0,92.20309,5.950899,0.39999998
2025/01/16 06:30,14.45,12.523401,6.45,58.658524,7.0591216,0.030000001
2025/01/16 12:30,11.25,10.564711,8.05,80.679695,1.2074767,0.0
2025/01/16 18:30,5.15,2.8897252,4.15,93.25598,5.950899,0.0
2025/01/17 00:30,4.95,2.9849505,3.25,88.76063,2.7238941,0.0
2025/01/17 06:30,19.15,16.82076,3.75,36.07781,5.8769383,0.0
2025/01/17 12:30,10.55,9.191919,7.85,83.37815,5.4744864,0.0
2025/01/17 18:30,7.3,4.705886,0.9,63.831406,4.2021422,0.0
2025/01/18 00:30,11.55,9.58815,2.4,53.4058,1.6299692,0.0
2025/01/18 06:30,18.1,16.732079,5.9,44.758278,2.36753,0.0
2025/01/18 12:30,13.15,12.335899,8.7,74.41113,3.244996,0.0
2025/01/18 18:30,10.35,7.575901,1.05,52.51372,5.6060677,0.0
2025/01/19 00:30,12.3,9.921901,-0.8,40.36441,0.9178235,0.0
2025/01/19 06:30,20.55,17.814789,2.2,29.64225,6.6794305,0.0
2025/01/19 12:30,14.35,12.931417,7.65,64.096016,5.5450516,0.0
2025/01/19 18:30,13.55,11.562869,2.55,47.343647,1.9881649,0.0
2025/01/20 00:30,11.95,10.03631,2.65,52.94662,1.609969,0.0
2025/01/20 06:30,21.35,20.286993,7.25,40.14309,2.4216523,0.0
2025/01/20 12:30,14.85,14.885036,11.65,81.16432,3.2599385,0.0
2025/01/20 18:30,12.95,10.234535,-0.95,38.259613,3.0811036,0.0
2025/01/21 00:30,12.05,9.657675,-0.45,42.09388,1.3708391,0.0
2025/01/21 06:30,22.55,20.974058,5.9,34.00255,3.7842832,0.0
2025/01/21 12:30,14.5,13.904057,9.75,73.159134,3.710795,0.0
2025/01/21 18:30,12.65,10.036683,-1.35,37.89215,1.9881649,0.0
2025/01/22 00:30,9.1,6.3277864,-2.2,45.06321,2.2768397,0.0
2025/01/22 06:30,21.35,19.31162,4.3,32.731167,4.6277857,0.0
2025/01/22 12:30,13.1,12.341976,9.4,78.26131,4.1556225,0.0
2025/01/22 18:30,10.55,8.294635,1.45,53.327568,2.5071096,0.0
2025/01/23 00:30,8.95,6.1910086,-0.2,52.70247,4.143911,0.0
2025/01/23 06:30,19.6,17.114597,3.6,34.713512,6.7469993,0.0
2025/01/23 12:30,13.4,12.433155,7.65,68.17208,2.4482648,0.0
2025/01/23 18:30,6.85,5.2040215,4.5,84.98165,2.226477,0.0
2025/01/24 00:30,6.0,4.003042,2.8,79.94029,2.36753,0.0
2025/01/24 06:30,20.2,18.05906,5.85,39.132812,7.587806,0.0
2025/01/24 12:30,13.45,12.993521,9.95,79.37018,3.143565,0.0
2025/01/24 18:30,8.0,6.219742,3.7,74.27714,2.0523157,0.0
2025/01/25 00:30,6.2,4.3668947,2.9,79.40509,1.3708391,0.0
2025/01/25 06:30,19.2,18.136133,8.0,48.25081,3.7064266,0.0
2025/01/25 12:30,12.55,11.965204,9.6,82.22618,3.3481934,0.0
2025/01/25 18:30,10.05,8.638626,4.95,70.60486,1.26,0.0
2025/01/26 00:30,8.65,6.49323,1.4,60.36352,1.7727944,0.0
2025/01/26 06:30,19.65,18.673426,9.1,50.545425,5.0816135,0.0
2025/01/26 12:30,13.1,12.996695,10.05,81.74735,0.9178235,0.0
2025/01/26 18:30,10.1,9.351654,8.35,88.887596,2.1674871,0.0
2025/01/27 00:30,8.25,7.2817364,7.1,92.46229,1.5379207,0.0
2025/01/27 06:30,17.2,16.572695,10.5,64.72828,5.3999996,0.0
2025/01/27 12:30,12.05,11.679463,9.6,84.9722,1.8792552,0.0
2025/01/27 18:30,10.2,9.420466,7.6,83.90644,1.08,0.0
2025/01/28 00:30,8.95,7.573596,5.15,77.084404,1.3104197,0.0
2025/01/28 06:30,18.45,17.59638,9.2,54.841087,4.4274144,0.0
2025/01/28 12:30,13.45,13.890675,11.8,89.750946,0.8049845,0.0
2025/01/28 18:30,10.9,10.703245,9.45,90.7672,0.40249225,0.0
2025/01/29 00:30,9.55,8.596709,8.15,90.981094,3.219938,0.0
2025/01/29 06:30,18.85,17.542921,8.95,52.59239,7.072878,0.0
2025/01/29 12:30,13.75,13.543238,10.6,81.28834,2.7238941,0.0
2025/01/29 18:30,10.1,8.81798,6.0,75.685234,1.9386592,0.0
2025/01/30 00:30,6.85,5.126643,4.65,85.876915,2.968636,0.0
2025/01/30 06:30,20.5,18.552996,4.2,34.246307,3.8647635,0.0
2025/01/30 12:30,14.5,13.794649,7.6,63.261715,0.56920993,0.0
2025/01/30 18:30,9.75,7.8498087,3.55,65.3082,2.6758924,0.0
2025/01/31 00:30,8.25,5.8701143,1.05,60.48215,2.9024127,0.0
2025/01/31 06:30,20.6,17.892681,2.95,31.16742,7.42159,0.0
2025/01/31 12:30,14.95,14.2263775,7.9,62.721275,1.2074767,0.0
2025/01/31 18:30,7.4,5.8931894,6.15,91.77786,3.710795,0.0
2025/02/01 00:30,5.8,3.6152248,4.05,88.52205,5.297018,0.0
2025/02/01 06:30,20.95,18.125456,0.6,25.787003,5.441838,0.0
2025/02/01 12:30,15.05,13.714993,6.5,56.627712,3.0811036,0.0
2025/02/01 18:30,7.55,5.2714415,2.75,71.61784,4.2366967,0.0
2025/02/02 00:30,8.05,5.714568,2.15,66.331,3.8856654,0.0
2025/02/02 06:30,20.7,17.79377,3.4,31.976784,9.3669195,0.0
2025/02/02 12:30,14.1,13.1405945,9.95,76.0892,6.59154,0.0
2025/02/02 18:30,11.0,9.585715,4.45,64.0017,0.56920993,0.0
2025/02/03 00:30,10.45,8.767264,3.75,63.206173,1.4512063,0.0
2025/02/03 06:30,20.15,19.262802,8.25,46.266945,2.9301877,0.0
2025/02/03 12:30,13.95,13.872005,10.45,79.44199,1.5379207,0.0
2025/02/03 18:30,9.1,6.4259586,1.0,56.899525,4.8633323,0.0
2025/02/04 00:30,11.0,8.914549,3.3,59.033764,3.6179552,0.0
2025/02/04 06:30,15.65,15.503571,11.2,74.83908,3.5455887,0.23999998
2025/02/04 12:30,15.2,15.163795,11.75,79.88315,3.9640884,0.14
2025/02/04 18:30,12.15,11.1769085,8.4,77.85316,3.7971041,0.0
2025/02/05 00:30,10.65,9.725867,8.5,86.56083,3.6402748,0.08
2025/02/05 06:30,19.2,17.223385,6.15,42.50975,6.9247384,0.0
2025/02/05 12:30,13.35,11.606699,8.2,71.001335,8.723967,0.0
2025/02/05 18:30,7.65,6.087288,4.7,81.58964,1.9386592,0.0
2025/02/06 00:30,5.2,3.0186715,3.9,91.3162,5.0688457,0.0
2025/02/06 06:30,19.2,15.911797,1.1,29.789633,9.181765,0.0
2025/02/06 12:30,11.9,10.462782,6.5,69.517,3.7842832,0.0
2025/02/06 18:30,8.8,6.613966,1.1,58.481728,1.6299692,0.0
2025/02/07 00:30,7.3,5.2570477,1.45,66.40337,1.0495713,0.0
2025/02/07 06:30,20.75,18.320522,3.6,32.331,6.361415,0.0
2025/02/07 12:30,12.8,12.221462,8.7,76.13283,1.6299692,0.0
2025/02/07 18:30,10.7,7.970662,-2.0,41.087242,2.1674871,0.0
2025/02/08 00:30,8.7,5.8112516,-2.2,46.29623,3.0758414,0.0
2025/02/08 06:30,21.15,19.133116,4.95,34.673866,5.3999996,0.0
2025/02/08 12:30,14.5,14.200712,9.65,72.67017,1.484318,0.0
2025/02/08 18:30,12.0,9.924614,2.35,51.65959,2.3469126,0.0
2025/02/09 00:30,9.8,7.9681034,3.3,63.952282,1.8792552,0.0
2025/02/09 06:30,23.0,21.22054,5.45,32.0723,4.5,0.0
2025/02/09 12:30,15.0,14.3324795,9.85,71.315155,4.39436,0.0
2025/02/09 18:30,13.1,10.710931,-0.35,39.580658,1.4512063,0.0
2025/02/10 00:30,9.75,7.587841,2.05,58.721268,2.5772076,0.0
2025/02/10 06:30,22.55,21.144926,7.8,38.736134,5.692099,0.0
2025/02/10 12:30,15.15,14.317993,9.7,69.924194,5.2323985,0.0
2025/02/10 18:30,8.85,6.9979973,4.55,74.42739,3.710795,0.0
2025/02/11 00:30,11.45,9.293276,1.55,50.59634,1.9469976,0.0
2025/02/11 06:30,21.8,19.622738,5.55,34.739693,7.3799996,0.0
2025/02/11 12:30,16.75,16.234205,9.05,60.43273,1.835647,0.0
2025/02/11 18:30,9.2,7.2895565,5.45,77.3925,5.4149795,0.0
2025/02/12 00:30,8.55,6.6564894,3.15,68.83528,2.1068459,0.0
2025/02/12 06:30,21.25,18.185566,4.2,32.70256,11.525623,0.0
2025/02/12 12:30,14.85,13.453001,6.4,56.967907,3.3481934,0.0
2025/02/12 18:30,8.05,6.333598,4.35,77.47996,2.50064,0.0
2025/02/13 00:30,6.45,4.8276043,4.7,88.57843,2.3469129,0.0
2025/02/13 06:30,19.15,16.58189,4.55,38.159,8.61371,0.0
2025/02/13 12:30,14.45,12.768997,3.7,48.44237,1.3708391,0.0
2025/02/13 18:30,10.75,8.577612,1.25,51.872963,1.7076298,0.0
2025/02/14 00:30,7.35,4.983225,-0.35,58.11269,1.2979984,0.0
2025/02/14 06:30,20.8,18.574488,4.55,34.45276,6.2613096,0.0
2025/02/14 12:30,15.4,13.5588455,3.65,45.40872,2.4014995,0.0
2025/02/14 18:30,12.4,10.462543,2.65,51.40266,1.7727944,0.0
2025/02/15 00:30,11.95,10.014334,2.85,53.70281,2.0124612,0.0
2025/02/15 06:30,15.5,15.172663,10.25,70.9343,2.8460495,0.14
2025/02/15 12:30,15.05,15.364044,11.45,79.07421,0.9178235,0.030000001
2025/02/15 18:30,11.95,10.97033,6.95,71.46276,1.3708391,0.0
2025/02/16 00:30,11.05,9.655211,5.45,68.391235,1.8792552,0.0
2025/02/16 06:30,21.05,19.73867,7.1,40.471268,3.8773184,0.0
2025/02/16 12:30,16.15,15.267698,10.15,67.59436,6.452441,0.0
2025/02/16 18:30,9.25,8.232812,7.65,89.72999,2.7943513,0.0
2025/02/17 00:30,9.0,7.253639,4.45,73.16465,2.8460498,0.0
2025/02/17 06:30,22.8,21.079563,6.25,34.30965,5.315336,0.0
2025/02/17 12:30,15.8,14.6345825,8.25,60.822002,4.846648,0.0
2025/02/17 18:30,13.7,12.375938,5.05,55.89315,0.8049845,0.0
2025/02/18 00:30,11.9,10.467745,6.0,67.161964,2.968636,0.0
2025/02/18 06:30,22.85,21.112076,6.95,35.891876,6.552099,0.0
2025/02/18 12:30,15.8,14.122253,6.55,54.154766,5.509882,0.0
2025/02/18 18:30,9.55,7.825959,4.25,69.52645,2.4149535,0.0
2025/02/19 00:30,8.4,6.4327602,3.95,73.569496,3.671294,0.0
2025/02/19 06:30,22.45,20.407324,5.2,32.589436,5.937272,0.0
2025/02/19 12:30,16.25,15.637991,9.75,65.39068,3.8183763,0.0
2025/02/19 18:30,11.7,10.630011,7.5,75.435555,2.9024127,0.0
2025/02/20 00:30,12.9,12.024948,9.45,79.55766,5.0528407,0.060000002
2025/02/20 06:30,16.7,16.319187,10.5,66.81208,3.710795,0.42
2025/02/20 12:30,15.45,13.784029,8.0,61.153297,7.841888,0.21999998
2025/02/20 18:30,9.95,8.677476,8.85,92.87266,6.6624317,0.02
2025/02/21 00:30,9.75,8.440171,8.0,88.85849,5.4029994,0.0
2025/02/21 06:30,21.3,19.215221,5.55,35.81893,6.7469993,0.0
2025/02/21 12:30,15.3,14.499491,9.9,70.18817,5.402999,0.0
2025/02/21 18:30,8.55,7.149082,6.0,84.00154,2.7534704,0.0
2025/02/22 00:30,10.45,9.03578,4.9,68.50512,1.2074767,0.0
2025/02/22 06:30,21.15,19.61754,7.55,41.47972,6.1437774,0.0
2025/02/22 12:30,15.5,15.043072,11.1,75.06223,5.4656014,0.0
2025/02/22 18:30,8.5,7.6845484,8.0,96.66511,2.0124612,0.0
2025/02/23 00:30,9.3,8.011611,6.3,81.52631,2.4482646,0.0
2025/02/23 06:30,22.1,20.339764,6.45,36.29726,5.904439,0.0
2025/02/23 12:30,16.0,15.452705,10.3,68.9314,4.452954,0.01
2025/02/23 18:30,10.05,9.141555,7.55,84.46332,1.8792552,0.0
2025/02/24 00:30,9.75,8.512051,6.6,80.749565,2.5772076,0.0
2025/02/24 06:30,22.45,20.90086,7.85,39.10502,6.76618,0.0
2025/02/24 12:30,16.1,15.327692,9.35,64.26961,4.1556225,0.0
2025/02/24 18:30,10.1,8.858961,7.0,81.07491,3.244996,0.0
2025/02/25 00:30,11.55,10.488782,7.3,75.15307,2.5071096,0.0
2025/02/25 06:30,22.5,21.503168,8.85,41.720585,4.752136,0.0
2025/02/25 12:30,17.55,17.235008,11.7,68.55787,5.7628117,0.030000001
2025/02/25 18:30,11.6,10.307986,7.1,73.88736,3.7585104,0.0
2025/02/26 00:30,14.4,12.745928,8.65,68.37723,8.913181,0.04
2025/02/26 06:30,24.5,23.922977,11.3,43.563305,6.6818557,0.030000001
2025/02/26 12:30,18.5,18.596146,12.5,68.07519,4.7110505,0.0
2025/02/26 18:30,15.15,14.135088,9.8,70.39449,6.6794305,0.0
2025/02/27 00:30,15.05,14.7535305,10.65,74.98647,3.4388947,0.15
2025/02/27 06:30,15.4,15.903404,14.8,96.21645,7.4932766,1.26
2025/02/27 12:30,14.55,15.054796,14.05,96.817566,5.5887027,0.32
2025/02/27 18:30,13.25,13.627935,12.45,94.9011,2.6758924,0.39000002
2025/02/28 00:30,13.3,12.904018,11.8,90.63235,6.542201,1.16
2025/02/28 06:30,17.45,16.667217,12.9,74.65142,11.656998,1.15
2025/02/28 12:30,13.75,13.14439,12.15,90.06947,8.748075,2.83
2025/02/28 18:30,12.0,12.021963,11.4,96.116776,2.8174455,3.0300002
2025/03/01 00:30,10.45,9.879019,9.45,93.52635,2.968636,0.0
2025/03/01 06:30,20.8,20.031488,9.3,47.71576,4.0249224,0.0
2025/03/01 12:30,15.1,15.032873,11.35,78.300606,3.319036,0.0
2025/03/01 18:30,8.35,6.969284,7.0,91.2106,4.2021422,0.0
2025/03/02 00:30,7.6,5.7478666,5.0,83.59836,4.353619,0.0
2025/03/02 06:30,22.25,20.467396,6.25,35.47516,5.7431,0.0
2025/03/02 12:30,15.3,14.276844,9.35,67.64513,5.876938,0.0
2025/03/02 18:30,11.3,10.461031,7.25,76.14556,0.9,0.0
2025/03/03 00:30,8.6,7.2212124,5.9,83.141396,2.4482646,0.0
2025/03/03 06:30,23.4,20.813875,2.4,25.269657,5.896202,0.0
2025/03/03 12:30,18.05,17.891655,10.15,59.934727,1.484318,0.01
2025/03/03 18:30,11.65,10.440802,9.45,86.36862,7.3447943,0.089999996
2025/03/04 00:30,11.15,9.899273,10.25,94.187874,9.181765,0.44
2025/03/04 06:30,19.85,19.03688,9.35,50.769436,4.4274144,0.08
2025/03/04 12:30,14.8,13.704922,8.8,67.31368,5.3517847,0.0
2025/03/04 18:30,9.6,8.606639,6.6,81.56608,0.9,0.0
2025/03/05 00:30,7.7,6.491789,5.75,87.467636,1.0495713,0.0
2025/03/05 06:30,19.5,17.840984,9.1,51.018528,9.761578,0.0
2025/03/05 12:30,13.6,12.34304,7.8,67.9815,4.6938252,0.0
2025/03/05 18:30,10.25,9.201262,6.7,78.63156,1.4399999,0.0
2025/03/06 00:30,7.9,6.3967743,4.3,78.00061,0.9693296,0.0
2025/03/06 06:30,21.65,20.870539,10.1,47.78789,5.634891,0.0
2025/03/06 12:30,16.25,14.931341,7.7,56.93095,4.942631,0.0
2025/03/06 18:30,11.95,10.551874,6.05,67.172585,2.8116899,0.0
2025/03/07 00:30,12.7,11.445887,5.6,61.98395,1.1384199,0.0
2025/03/07 06:30,22.45,21.363396,9.15,42.7027,5.920878,0.0
2025/03/07 12:30,17.8,16.869211,7.2,49.875732,1.4399999,0.0
2025/03/07 18:30,10.2,9.149468,7.0,80.53497,1.9386592,0.0
2025/03/08 00:30,11.45,10.313644,6.3,70.63409,1.4058449,0.0
2025/03/08 06:30,22.8,22.01865,10.0,44.259804,5.4477882,0.0
2025/03/08 12:30,18.3,18.659124,11.7,65.3988,1.1384199,0.0
2025/03/08 18:30,14.4,13.778433,8.3,66.77574,1.2074767,0.0
2025/03/09 00:30,11.65,10.774105,8.45,80.73442,3.219938,0.0
2025/03/09 06:30,23.8,22.904333,10.25,42.368267,6.7205353,0.0
2025/03/09 12:30,18.9,19.009853,10.95,59.937664,1.26,0.0
2025/03/09 18:30,11.8,10.83375,7.45,74.68411,2.1068459,0.0
2025/03/10 00:30,15.75,14.840391,7.2,56.804924,1.2979984,0.0
2025/03/10 06:30,25.0,24.662056,11.2,42.00228,4.829907,0.0
2025/03/10 12:30,19.9,20.850695,13.7,67.47504,1.659518,0.0
2025/03/10 18:30,13.45,13.163433,10.45,82.065704,2.968636,0.0
2025/03/11 00:30,14.75,14.251305,8.6,66.624146,0.9,0.0
2025/03/11 06:30,26.2,26.406828,13.0,44.03322,5.0688457,0.0
2025/03/11 12:30,20.65,22.251257,15.65,73.05328,2.19718,0.0
2025/03/11 18:30,14.7,13.896605,8.15,64.83172,2.1897945,0.0
2025/03/12 00:30,12.3,11.166789,6.65,68.412964,1.9386592,0.0
2025/03/12 06:30,27.45,26.274172,10.0,33.551155,8.133928,0.0
2025/03/12 12:30,21.45,20.040707,9.65,46.940193,9.080639,0.0
2025/03/12 18:30,13.3,12.521923,9.3,76.72909,4.1046314,0.0
2025/03/13 00:30,16.45,15.456438,7.1,53.9538,1.7076298,0.0
2025/03/13 06:30,24.5,22.78602,9.75,39.289116,11.351422,0.01
2025/03/13 12:30,19.8,18.859627,10.15,53.732643,6.8423676,0.01
2025/03/13 18:30,11.85,10.537939,7.2,73.17733,4.060985,0.0
2025/03/14 00:30,14.95,13.78643,7.6,61.452763,3.710795,0.0
2025/03/14 06:30,26.5,25.010677,6.5,27.978924,4.1125174,0.0
2025/03/14 12:30,21.75,22.397722,12.45,55.49578,0.8049845,0.0
2025/03/14 18:30,14.05,13.158741,12.75,91.880615,12.061341,0.26
2025/03/15 00:30,13.0,12.199955,11.85,92.72964,9.422101,0.25
2025/03/15 06:30,25.15,23.848719,10.3,39.20996,9.595874,0.29
2025/03/15 12:30,18.85,19.609102,14.0,73.445724,3.710795,0.030000001
2025/03/15 18:30,12.95,11.596319,11.0,87.94621,11.409785,0.4
2025/03/16 00:30,11.5,9.691022,10.15,91.41779,12.81165,0.1
2025/03/16 06:30,24.35,23.578182,8.7,36.93839,2.9301877,0.0
2025/03/16 12:30,18.4,18.784882,12.15,66.94604,1.9469976,0.030000001
2025/03/16 18:30,10.4,9.340841,7.85,84.215904,3.4247334,0.0
2025/03/17 00:30,10.3,8.977222,7.85,84.779625,5.232399,0.0
2025/03/17 06:30,24.45,22.436308,4.95,28.38768,5.369916,0.0
2025/03/17 12:30,18.6,16.399525,7.1,47.10965,9.97986,0.0
2025/03/17 18:30,11.0,9.583792,7.1,76.88208,4.6102495,0.0
2025/03/18 00:30,11.35,10.008878,6.6,72.5862,3.2846913,0.0
2025/03/18 06:30,24.9,22.942862,7.8,33.626537,9.47012,0.0
2025/03/18 12:30,19.55,19.51619,11.0,57.75122,2.3469129,0.0
2025/03/18 18:30,13.4,12.722967,9.4,76.74506,3.6,0.0
2025/03/19 00:30,15.05,14.964985,10.4,73.747856,1.484318,0.0
2025/03/19 06:30,26.7,24.921984,5.9,26.530485,5.1575575,0.0
2025/03/19 12:30,19.55,18.659159,9.2,51.203987,4.68,0.0
2025/03/19 18:30,11.7,10.301427,6.65,71.17029,3.7585104,0.0
2025/03/20 00:30,10.85,9.337827,6.1,72.49369,3.671294,0.0
2025/03/20 06:30,26.15,24.11051,6.2,27.978958,7.415038,0.0
2025/03/20 12:30,20.4,19.737347,8.9,47.606144,2.5582807,0.0
2025/03/20 18:30,10.45,9.12947,6.6,77.058075,3.143565,0.0
2025/03/21 00:30,12.15,10.726879,5.7,64.70908,2.4482646,0.0
2025/03/21 06:30,26.7,24.476107,4.0,23.241796,5.4744864,0.0
2025/03/21 12:30,20.25,17.482594,4.15,34.657276,9.422101,0.0
2025/03/21 18:30,12.95,11.119627,4.25,55.504642,3.143565,0.0
2025/03/22 00:30,11.7,10.106022,5.45,65.51166,3.244996,0.0
2025/03/22 06:30,26.4,23.920221,3.35,22.59866,6.3639607,0.0
2025/03/22 12:30,20.0,20.351646,11.6,58.43809,0.9693296,0.0
2025/03/22 18:30,13.2,11.85697,6.4,63.39882,2.97953,0.0
2025/03/23 00:30,12.95,11.711943,6.85,66.46635,2.97953,0.0
2025/03/23 06:30,26.0,24.488602,8.6,33.25617,7.8149853,0.0
2025/03/23 12:30,20.7,21.545872,13.25,62.367653,1.2979984,0.0
2025/03/23 18:30,12.85,12.142948,9.3,79.01736,3.6179552,0.0
2025/03/24 00:30,15.4,14.992533,9.5,67.89349,1.9386592,0.0
2025/03/24 06:30,26.15,25.568687,12.0,41.359474,8.211235,0.0
2025/03/24 12:30,21.55,22.882002,14.65,64.82389,1.4058449,0.0
2025/03/24 18:30,14.6,14.502829,10.75,77.70737,2.2768397,0.0
2025/03/25 00:30,16.85,16.887232,10.9,67.964005,1.659518,0.0
2025/03/25 06:30,27.05,27.329811,13.85,44.266644,6.59154,0.0
2025/03/25 12:30,21.75,22.601997,15.1,65.918816,5.8631387,0.0
2025/03/25 18:30,14.35,14.547947,11.85,84.93951,2.5772078,0.0
2025/03/26 00:30,15.5,15.547958,11.45,76.82257,2.7416782,0.0
2025/03/26 06:30,28.15,29.332623,14.5,43.292778,2.0124612,0.0
2025/03/26 12:30,22.8,23.607313,14.35,58.919685,4.2366967,0.0
2025/03/26 18:30,15.65,14.802511,10.15,69.78841,6.2145634,0.0
2025/03/27 00:30,15.65,14.138086,8.35,61.826286,7.3997297,0.0
2025/03/27 06:30,30.7,29.901512,9.1,26.170359,3.8183763,0.0
2025/03/27 12:30,22.85,24.004784,15.2,62.048935,4.0449967,0.0
2025/03/27 18:30,18.45,17.500305,8.25,51.430878,3.362677,0.0
2025/03/28 00:30,14.5,13.733261,8.15,65.67389,1.9386592,0.0
2025/03/28 06:30,27.65,26.277689,10.2,33.607193,10.1376915,0.0
2025/03/28 12:30,20.1,18.647835,8.25,46.410244,6.804381,0.0
2025/03/28 18:30,14.95,13.979654,6.7,57.782078,0.9,0.0
2025/03/29 00:30,11.4,10.181586,5.65,67.75635,0.9693296,0.0
2025/03/29 06:30,26.85,25.454144,8.5,31.416355,6.8399997,0.0
2025/03/29 12:30,19.2,18.686209,11.05,59.218525,5.7431,0.0
2025/03/29 18:30,14.95,14.005838,7.1,59.38887,1.3708391,0.0
2025/03/30 00:30,14.3,12.491627,2.85,46.06524,1.1384199,0.0
2025/03/30 06:30,27.85,27.23892,10.35,33.551105,5.8631387,0.0
2025/03/30 12:30,20.8,19.991034,8.4,44.902798,2.657668,0.0
2025/03/30 18:30,16.4,14.847929,4.35,44.743683,1.3708391,0.0
2025/03/31 00:30,11.2,8.951374,1.55,51.440742,2.5772078,0.0
2025/03/31 06:30,28.45,26.994041,7.4,26.549034,6.601363,0.0
2025/03/31 12:30,21.55,20.598202,8.3,42.593487,3.4576871,0.0
2025/03/31 18:30,13.35,11.576861,3.95,52.94855,2.3400002,0.0
2025/04/01 00:30,12.65,10.647731,3.05,52.020237,2.7238941,0.0
2025/04/01 06:30,28.05,27.035816,8.45,29.185919,5.154415,0.0
2025/04/01 12:30,21.4,20.158646,8.8,44.46585,6.341009,0.0
2025/04/01 18:30,15.2,13.409138,4.75,49.681118,3.572898,0.0
2025/04/02 00:30,12.75,10.7604475,2.75,50.594242,2.2553935,0.0
2025/04/02 06:30,28.5,27.117283,6.2,24.379374,4.2481523,0.0
2025/04/02 12:30,21.9,21.51781,9.85,46.28292,2.4216523,0.0
2025/04/02 18:30,14.4,12.301624,3.05,46.42095,3.381893,0.0
2025/04/03 00:30,13.1,10.993777,2.9,49.97805,3.244996,0.0
2025/04/03 06:30,29.55,28.013962,6.3,23.10076,5.414979,0.0
2025/04/03 12:30,21.3,20.074697,8.2,42.958263,5.1575575,0.0
2025/04/03 18:30,12.85,10.750597,5.2,59.697887,6.341009,0.0
2025/04/04 00:30,12.65,10.711615,4.95,59.441628,4.8733153,0.0
2025/04/04 06:30,29.85,26.61103,4.15,19.55371,13.491597,0.0
2025/04/04 12:30,22.95,20.771038,5.55,32.39338,7.388775,0.0
2025/04/04 18:30,14.55,12.985626,5.7,55.340534,3.4152596,0.0
2025/04/05 00:30,13.25,11.753305,5.45,59.17687,2.5772078,0.0
2025/04/05 06:30,29.7,28.30281,8.0,25.727503,7.256032,0.0
2025/04/05 12:30,23.6,23.714905,12.15,48.6356,3.7799997,0.0
2025/04/05 18:30,15.7,14.601551,6.8,55.446335,1.9386592,0.0
2025/04/06 00:30,14.55,13.392656,7.25,61.568653,3.0811036,0.0
2025/04/06 06:30,30.45,29.346088,9.2,26.726807,7.2805495,0.0
2025/04/06 12:30,24.85,26.429527,15.6,56.44696,2.1897945,0.0
2025/04/06 18:30,17.65,17.222816,9.85,60.241413,2.7416782,0.0
2025/04/07 00:30,17.95,17.699345,10.3,60.91987,2.4149535,0.0
2025/04/07 06:30,31.45,30.02924,9.2,25.24444,9.114471,0.0
2025/04/07 12:30,25.7,27.616714,16.3,56.116474,1.8,0.0
2025/04/07 18:30,17.85,17.798407,11.05,64.44159,2.5772078,0.0
2025/04/08 00:30,17.9,17.55662,10.15,60.502663,2.7534704,0.0
2025/04/08 06:30,31.4,30.203953,10.55,27.711702,9.796366,0.0
2025/04/08 12:30,26.55,28.455433,16.35,53.53617,2.0124612,0.0
2025/04/08 18:30,18.5,18.46452,11.9,65.44182,4.278551,0.0
2025/04/09 00:30,18.5,18.631401,12.8,69.42653,5.1544156,0.0
2025/04/09 06:30,30.7,31.156738,13.95,36.06228,5.6002855,0.0
2025/04/09 12:30,25.25,27.37224,16.9,59.87685,2.1068459,0.030000001
2025/04/09 18:30,19.7,19.964802,11.85,60.52532,2.1068459,0.0
2025/04/10 00:30,18.55,19.25601,13.55,72.68088,2.97953,0.0
2025/04/10 06:30,28.9,30.29602,16.45,46.965477,5.771239,0.0
2025/04/10 12:30,23.45,24.457842,16.7,65.8543,9.181765,0.0
2025/04/10 18:30,18.05,19.225893,14.5,79.759705,2.1068459,0.0
2025/04/11 00:30,18.0,19.040882,14.65,80.78913,3.4152596,0.0
2025/04/11 06:30,26.0,27.738388,16.85,57.088966,4.5891175,0.05
2025/04/11 12:30,24.9,27.07751,16.7,60.367905,1.1525624,0.0
2025/04/11 18:30,17.95,19.301626,15.0,82.89157,2.1897945,0.62
2025/04/12 00:30,18.25,19.121597,14.9,80.82231,5.22,0.0
2025/04/12 06:30,25.15,25.360046,12.8,46.25434,4.5891175,0.13
2025/04/12 12:30,20.5,20.51118,13.25,63.14114,7.0223074,0.0
2025/04/12 18:30,14.3,14.229275,11.75,84.65439,4.2021422,0.0
2025/04/13 00:30,14.3,13.806919,10.7,78.96513,4.8899083,0.0
2025/04/13 06:30,28.15,27.589495,10.9,34.198826,6.297428,0.0
2025/04/13 12:30,24.05,25.24687,14.75,56.069202,2.5772078,0.0
2025/04/13 18:30,17.35,17.297348,11.15,66.94821,2.7943513,0.0
2025/04/14 00:30,18.85,18.91964,12.1,64.8738,3.9966483,0.0
2025/04/14 06:30,28.3,28.691795,14.3,42.365196,8.187527,0.0
2025/04/14 12:30,24.45,27.011202,17.8,66.479965,1.781909,0.0
2025/04/14 18:30,17.85,19.22098,14.8,82.34748,1.5379207,0.0
2025/04/15 00:30,19.05,20.256403,14.65,75.64877,2.2768397,0.0
2025/04/15 06:30,28.55,29.41504,14.45,42.16086,4.060985,0.0
2025/04/15 12:30,25.2,27.981747,18.7,67.2619,3.0811036,0.030000001
2025/04/15 18:30,18.9,20.217012,15.15,78.85825,2.8174455,0.0
2025/04/16 00:30,18.95,20.239393,15.35,79.62853,3.536439,0.0
2025/04/16 06:30,29.65,31.074062,15.7,42.872845,3.494968,0.0
2025/04/16 12:30,25.55,28.474083,18.9,66.705025,2.7475805,0.02
2025/04/16 18:30,19.4,21.105953,15.65,78.9301,1.484318,0.0
2025/04/17 00:30,18.95,20.660141,16.0,83.01083,2.4149535,0.0
2025/04/17 06:30,29.65,31.33242,16.9,46.277992,5.0911684,0.02
2025/04/17 12:30,26.05,29.090652,18.95,64.95974,2.1068459,0.0
2025/04/17 18:30,19.15,20.447702,15.1,77.38907,2.8174455,0.0
2025/04/18 00:30,21.45,23.261286,16.75,74.60194,3.8268526,0.0
2025/04/18 06:30,30.95,33.13523,17.7,45.181824,5.414979,0.0
2025/04/18 12:30,26.75,29.785854,19.75,65.51234,4.7928696,0.0
2025/04/18 18:30,18.8,19.452087,13.7,72.25468,3.710795,0.0
2025/04/19 00:30,20.6,21.209444,14.4,67.617615,5.728979,0.0
2025/04/19 06:30,28.5,30.065113,16.9,49.461464,5.904439,0.0
2025/04/19 12:30,24.85,28.0527,19.25,71.07784,1.9881649,0.0
2025/04/19 18:30,18.8,18.32833,10.95,60.313175,5.2478566,0.0
2025/04/20 00:30,17.85,16.700253,14.3,79.73183,17.54977,2.21
2025/04/20 06:30,31.0,29.63935,12.05,31.310879,13.638489,0.66999996
2025/04/20 12:30,24.05,25.675932,17.5,66.81812,7.289444,0.01
2025/04/20 18:30,19.9,18.812124,10.9,56.136738,9.3669195,0.0
2025/04/21 00:30,20.55,19.871826,11.5,56.113678,7.814986,0.0
2025/04/21 06:30,32.5,31.286453,9.35,24.028255,7.5363917,0.0
2025/04/21 12:30,26.9,28.733906,16.9,54.30939,4.072935,0.0
2025/04/21 18:30,19.7,18.645977,10.75,56.273365,8.827344,0.0
2025/04/22 00:30,17.15,17.13324,12.65,74.84549,5.8298883,0.0
2025/04/22 06:30,33.05,31.907894,9.65,23.769682,9.565437,0.0
2025/04/22 12:30,26.6,27.428106,14.5,47.407696,4.452954,0.0
2025/04/22 18:30,20.75,19.129519,5.45,36.79378,3.4152596,0.0
2025/04/23 00:30,18.45,17.887133,9.3,55.211407,2.6208394,0.0
2025/04/23 06:30,32.3,31.223263,9.05,23.815237,8.338489,0.0
2025/04/23 12:30,27.3,27.547789,11.8,38.14629,2.1674871,0.0
2025/04/23 18:30,16.35,14.764654,7.05,54.11267,5.6835546,0.0
2025/04/24 00:30,15.4,14.426178,9.05,65.8686,4.9785542,0.0
2025/04/24 06:30,32.65,30.727425,6.15,19.159975,9.54679,0.0
2025/04/24 12:30,27.5,27.439034,10.15,33.790295,1.0495713,0.0
2025/04/24 18:30,18.9,16.608309,1.85,32.027786,3.219938,0.0
2025/04/25 00:30,16.45,14.9234295,6.8,52.855686,4.8733153,0.0
2025/04/25 06:30,33.25,30.766281,3.55,15.453459,9.292255,0.0
2025/04/25 12:30,27.05,26.396952,10.25,34.926067,5.0432134,0.0
2025/04/25 18:30,17.65,15.744246,3.95,40.194874,3.244996,0.0
